"manufacturer","song","bg","quality"
"I",1,1,0.613831868648846
"II",2,1,54.5278407557617
"III",3,1,30.6313819861166
"IV",4,1,6.1540980025116
"II",1,2,5.40916547955061
"III",2,2,45.711559827728
"IV",3,2,96.0283554270323
"I",4,2,1.49624951171376
"III",1,3,0.499134817827383
"IV",2,3,18.3319432065821
"I",3,3,6.41135954958013
"II",4,3,54.5389050179929
"IV",1,4,17.4997444371585
"I",2,4,45.7420486156897
"II",3,4,25.9380382140451
"III",4,4,29.4262054616976
